{
    "data": [
        {
            "acct_desc": "Tes5 Data5",
            "addr_1": "Alamat1 Tes5",
            "addr_2": "Alamat2 Tes6",
            "addr_3": "Alamat3 Tes7",
            "address4": "Alamat4 Tes8",
            "eff_dt": "Sun, 26 May 2024 00:00:00 GMT",
            "invs_ktp_num": "88990011",
            "invs_npwp_num": "3334455667",
            "invs_passport_num": "88990011",
            "next_day": "Mon, 27 May 2024 00:00:00 GMT",
            "rec_bal": 3000000.0,
            "rec_dt": "Sat, 25 May 2024 00:00:00 GMT"
        },
        {
            "acct_desc": "Investor A",
            "addr_1": "Address Line 1",
            "addr_2": "Address Line 2",
            "addr_3": "Address Line 3",
            "address4": "Address Line 4",
            "eff_dt": "Thu, 01 Feb 2024 00:00:00 GMT",
            "invs_ktp_num": "9876543210",
            "invs_npwp_num": "1234567890",
            "invs_passport_num": "A1234567",
            "next_day": "Fri, 01 Mar 2024 00:00:00 GMT",
            "rec_bal": 1000000.0,
            "rec_dt": "Mon, 01 Jan 2024 00:00:00 GMT"
        },
        {
            "acct_desc": "Investor B",
            "addr_1": "Address B1",
            "addr_2": "Address B2",
            "addr_3": "Address B3",
            "address4": "Address B4",
            "eff_dt": "Sat, 01 Jul 2023 00:00:00 GMT",
            "invs_ktp_num": "5566778899",
            "invs_npwp_num": "1122334455",
            "invs_passport_num": "B7654321",
            "next_day": "Tue, 01 Aug 2023 00:00:00 GMT",
            "rec_bal": 2000000.0,
            "rec_dt": "Thu, 01 Jun 2023 00:00:00 GMT"
        },
        {
            "acct_desc": "Investor C",
            "addr_1": "Address C1",
            "addr_2": "Address C2",
            "addr_3": "Address C3",
            "address4": "Address C4",
            "eff_dt": "Fri, 01 Apr 2022 00:00:00 GMT",
            "invs_ktp_num": "4455667788",
            "invs_npwp_num": "9988776655",
            "invs_passport_num": "C0987654",
            "next_day": "Sun, 01 May 2022 00:00:00 GMT",
            "rec_bal": 3000000.0,
            "rec_dt": "Tue, 01 Mar 2022 00:00:00 GMT"
        },
        {
            "acct_desc": "Investor D",
            "addr_1": "Address D1",
            "addr_2": "Address D2",
            "addr_3": "Address D3",
            "address4": "Address D4",
            "eff_dt": "Sun, 01 Jun 2025 00:00:00 GMT",
            "invs_ktp_num": "6677889900",
            "invs_npwp_num": "2233445566",
            "invs_passport_num": "D8765432",
            "next_day": "Tue, 01 Jul 2025 00:00:00 GMT",
            "rec_bal": 1500000.0,
            "rec_dt": "Thu, 01 May 2025 00:00:00 GMT"
        },
        {
            "acct_desc": "Investor E",
            "addr_1": "Address E1",
            "addr_2": "Address E2",
            "addr_3": "Address E3",
            "address4": "Address E4",
            "eff_dt": "Fri, 01 Dec 2023 00:00:00 GMT",
            "invs_ktp_num": "9988776655",
            "invs_npwp_num": "5566778899",
            "invs_passport_num": "E1238907",
            "next_day": "Mon, 01 Jan 2024 00:00:00 GMT",
            "rec_bal": 2500000.0,
            "rec_dt": "Wed, 01 Nov 2023 00:00:00 GMT"
        }
    ],
    "data_count": 6,
    "message": "Data berhasil disimpan ke MongoDB",
    "status": "success"
}