[
    {
        "ACCT_DESC": "Tes5 Data5",
        "INVS_NPWP_NUM": "3334455667",
        "INVS_KTP_NUM": "88990011",
        "INVS_PASSPORT_NUM": "88990011",
        "ADDR_1": "Alamat1 Tes5",
        "REC_BAL": 3000000.0,
        "REC_DT": "2024-05-25 00:00:00",
        "EFF_DT": "2024-05-26 00:00:00",
        "NEXT_DAY": "2024-05-27 00:00:00",
        "ADDR_2": "Alamat2 Tes6",
        "ADDR_3": "Alamat3 Tes7",
        "ADDRESS4": "Alamat4 Tes8"
    },
    {
        "ACCT_DESC": "Investor A",
        "INVS_NPWP_NUM": "1234567890",
        "INVS_KTP_NUM": "9876543210",
        "INVS_PASSPORT_NUM": "A1234567",
        "ADDR_1": "Address Line 1",
        "REC_BAL": 1000000.0,
        "REC_DT": "2024-01-01 00:00:00",
        "EFF_DT": "2024-02-01 00:00:00",
        "NEXT_DAY": "2024-03-01 00:00:00",
        "ADDR_2": "Address Line 2",
        "ADDR_3": "Address Line 3",
        "ADDRESS4": "Address Line 4"
    },
    {
        "ACCT_DESC": "Investor B",
        "INVS_NPWP_NUM": "1122334455",
        "INVS_KTP_NUM": "5566778899",
        "INVS_PASSPORT_NUM": "B7654321",
        "ADDR_1": "Address B1",
        "REC_BAL": 2000000.0,
        "REC_DT": "2023-06-01 00:00:00",
        "EFF_DT": "2023-07-01 00:00:00",
        "NEXT_DAY": "2023-08-01 00:00:00",
        "ADDR_2": "Address B2",
        "ADDR_3": "Address B3",
        "ADDRESS4": "Address B4"
    },
    {
        "ACCT_DESC": "Investor C",
        "INVS_NPWP_NUM": "9988776655",
        "INVS_KTP_NUM": "4455667788",
        "INVS_PASSPORT_NUM": "C0987654",
        "ADDR_1": "Address C1",
        "REC_BAL": 3000000.0,
        "REC_DT": "2022-03-01 00:00:00",
        "EFF_DT": "2022-04-01 00:00:00",
        "NEXT_DAY": "2022-05-01 00:00:00",
        "ADDR_2": "Address C2",
        "ADDR_3": "Address C3",
        "ADDRESS4": "Address C4"
    },
    {
        "ACCT_DESC": "Investor D",
        "INVS_NPWP_NUM": "2233445566",
        "INVS_KTP_NUM": "6677889900",
        "INVS_PASSPORT_NUM": "D8765432",
        "ADDR_1": "Address D1",
        "REC_BAL": 1500000.0,
        "REC_DT": "2025-05-01 00:00:00",
        "EFF_DT": "2025-06-01 00:00:00",
        "NEXT_DAY": "2025-07-01 00:00:00",
        "ADDR_2": "Address D2",
        "ADDR_3": "Address D3",
        "ADDRESS4": "Address D4"
    },
    {
        "ACCT_DESC": "Investor E",
        "INVS_NPWP_NUM": "5566778899",
        "INVS_KTP_NUM": "9988776655",
        "INVS_PASSPORT_NUM": "E1238907",
        "ADDR_1": "Address E1",
        "REC_BAL": 2500000.0,
        "REC_DT": "2023-11-01 00:00:00",
        "EFF_DT": "2023-12-01 00:00:00",
        "NEXT_DAY": "2024-01-01 00:00:00",
        "ADDR_2": "Address E2",
        "ADDR_3": "Address E3",
        "ADDRESS4": "Address E4"
    }
]