[
    {
        "ID": "3",
        "NAME": "Michael Johnson",
        "CREATED_DATE": "2024-08-24 19:00:18",
        "STATUS": "ACTIVE",
        "DESCRIPTION": "Manager di divisi Marketing"
    },
    {
        "ID": "1",
        "NAME": "John Doe",
        "CREATED_DATE": "2024-10-23 19:01:10",
        "STATUS": "ACTIVE",
        "DESCRIPTION": "Karyawan tetap di divisi IT"
    },
    {
        "ID": "2",
        "NAME": "Jane Smith",
        "CREATED_DATE": "2024-09-23 19:01:17",
        "STATUS": "INACTIVE",
        "DESCRIPTION": "Karyawan kontrak di divisi HR"
    },
    {
        "ID": "5",
        "NAME": "Sarah Wilson",
        "CREATED_DATE": "2024-06-25 19:01:30",
        "STATUS": "INACTIVE",
        "DESCRIPTION": "Karyawan paruh waktu di divisi Keuangan"
    },
    {
        "ID": "4",
        "NAME": "Emily Davis",
        "CREATED_DATE": "2024-07-25 19:02:01",
        "STATUS": "ACTIVE",
        "DESCRIPTION": "Supervisor di divisi Operasional"
    },
    {
        "ID": "6",
        "NAME": "John Doe",
        "CREATED_DATE": "2024-10-23 19:04:13",
        "STATUS": "ACTIVE",
        "DESCRIPTION": "Karyawan tetap di divisi IT"
    },
    {
        "ID": "7",
        "NAME": "Jane Smith",
        "CREATED_DATE": "2024-09-23 19:04:13",
        "STATUS": "INACTIVE",
        "DESCRIPTION": "Karyawan kontrak di divisi HR"
    },
    {
        "ID": "8",
        "NAME": "Michael Johnson",
        "CREATED_DATE": "2024-08-24 19:04:13",
        "STATUS": "ACTIVE",
        "DESCRIPTION": "Manager di divisi Marketing"
    },
    {
        "ID": "9",
        "NAME": "Emily Davis",
        "CREATED_DATE": "2024-07-25 19:04:13",
        "STATUS": "ACTIVE",
        "DESCRIPTION": "Supervisor di divisi Operasional"
    },
    {
        "ID": "10",
        "NAME": "Sarah Wilson",
        "CREATED_DATE": "2024-06-25 19:04:13",
        "STATUS": "INACTIVE",
        "DESCRIPTION": "Karyawan paruh waktu di divisi Keuangan"
    }
]