{
    "CA_ANNOUNCEMENT_DATE": "2024-08-01",
    "CA_DEADLINE_DATE": "2024-08-10",
    "CA_EFFECT_DATE": "2024-08-15",
    "CA_EX_DATE": "2024-08-14",
    "CA_INT_END_DATE": "2024-08-31",
    "CA_INTEREST_ST_DATE": "2024-08-01",
    "CA_RECORD_DATE": "2024-08-05",
    "CA_START_DATE": "2024-08-01",
    "CA_TAX_METHOD": "Outside The System",
    "CORPORATE_ACTION": "Dividend Distribution",
    "CORR_ACCT": "XYZ",
    "CS_SUM_REC_BAL": "12387612.00",
    "FRAC": "0.2529348723",
    "GLOBAL_AMT_GROSS": "159000000123.00",
    "GLOBAL_AMT_NET": "3186312678.00",
    "GLOBAL_AMT_TAX": "231123.00",
    "GLOBAL_INSTRUMENT": "IDR",
    "ISSUER_ACCOUNT": "Zeta",
    "P_REC_DATE": "2020-01-01",
    "SECURITY": "OBLIGASI BERKELANJUTAN I ANGKASA PURA II TAHAP II TAHUN 2020 SERI B",
    "SECURITY_SHORT": "APIA01BCN2",
    "TIMESTAMP": "2024-08-01",
    "SUB_DATA": [
        {
            "OWN_ACCOUNT_DATA": [
                {
                    "OWN_ACCOUNT": "OWN12345",
                    "OWN_ACCOUNT_DESC": "Own Account Description",
                    "RECORD_BALANCE_OWN": "500",
                    "TAX_PCT": "20%",
                    "ENTITLEMENT_DEP_ACCT_OWN": "DEP12345",
                    "CF_INSTRUMENT_SHORT_OWN": "XYZ",
                    "ENTITLEMENT_AMT_GROSS_OWN": "5000.00",
                    "ENTITLEMENT_AMT_NET_OWN": "4000.00",
                    "ENTITLEMENT_AMT_TAX": "1000.00",
                    "CF_ENTITLEMENT_FRAC": "0.5",
                    "HOLDING_PERIOD_OWN1": 30,
                    "START_HOLDING_PERIOD_OWN1": "2024-08-01",
                    "END_HOLDING_PERIOD_OWN1": "2024-08-31",
                    "HOLDING_BALANCE_OWN1": "100",
                    "NET_AMOUNT_OWN1": "4000.00",
                    "PROCEED_AMOUNT_OWN1": "5000.00",
                    "TAX_AMOUNT_OWN1": "1000.00"
                }
            ],
            "CLIENT_ACCOUNT_DATA": [
                {
                    "CLIENT_ACCOUNT": "CLI67890",
                    "CLIENT_ACCOUNT_DESC": "Client Account Description",
                    "CLIENT_RECORD_BALANCE": "1000",
                    "CLIENT_TAX_PCT": "15%",
                    "CLIENT_DEPOSIT_ACCOUNT": "DEP67890",
                    "DEP_INSTRUMENT": "Stock",
                    "DEP_AMT_GROSS": "12000.00",
                    "DEP_FRAC": "0.75",
                    "DEP_AMT_TAX": "1800.00",
                    "NET_PROCEED_AMT_CLIENT": "10200.00",
                    "HOLDING_PERIOD_CLIENT": 30,
                    "START_HOLDING_PERIOD_CLIENT": "2024-08-01",
                    "END_HOLDING_PERIOD_CLIENT": "2024-08-31",
                    "HOLDING_BALANCE_CLIENT": "200",
                    "PROCEED_AMOUNT_CLIENT": "12000.00",
                    "TAX_AMOUNT_CLIENT": "1800.00",
                    "NET_AMOUNT_CLIENT": "10200.00"
                },
                {
                    "CLIENT_ACCOUNT": "CLI67890",
                    "CLIENT_ACCOUNT_DESC": "Client Account Description",
                    "CLIENT_RECORD_BALANCE": "1000",
                    "CLIENT_TAX_PCT": "15%",
                    "CLIENT_DEPOSIT_ACCOUNT": "DEP67890",
                    "DEP_INSTRUMENT": "Stock",
                    "DEP_AMT_GROSS": "12000.00",
                    "DEP_FRAC": "0.75",
                    "DEP_AMT_TAX": "1800.00",
                    "NET_PROCEED_AMT_CLIENT": "10200.00",
                    "HOLDING_PERIOD_CLIENT": 30,
                    "START_HOLDING_PERIOD_CLIENT": "2024-08-01",
                    "END_HOLDING_PERIOD_CLIENT": "2024-08-31",
                    "HOLDING_BALANCE_CLIENT": "200",
                    "PROCEED_AMOUNT_CLIENT": "12000.00",
                    "TAX_AMOUNT_CLIENT": "1800.00",
                    "NET_AMOUNT_CLIENT": "10200.00"
                }
            ],
            "CLIENT_RECORD_BALANCE2": "2000",
            "INSTRUMENT": "Bond",
            "FRAC": "0.25",
            "AMT_GROSS": "2000.00",
            "AMT_TAX": "2000.00",
            "AMT_NET": "8000.00",
            "MEMBER": "John Doe"
        },
        {
            "OWN_ACCOUNT_DATA": [
                {
                    "OWN_ACCOUNT": "OWN12345",
                    "OWN_ACCOUNT_DESC": "Own Account Description",
                    "RECORD_BALANCE_OWN": "500",
                    "TAX_PCT": "20%",
                    "ENTITLEMENT_DEP_ACCT_OWN": "DEP12345",
                    "CF_INSTRUMENT_SHORT_OWN": "XYZ",
                    "ENTITLEMENT_AMT_GROSS_OWN": "5000.00",
                    "ENTITLEMENT_AMT_NET_OWN": "4000.00",
                    "ENTITLEMENT_AMT_TAX": "1000.00",
                    "CF_ENTITLEMENT_FRAC": "0.5",
                    "HOLDING_PERIOD_OWN1": 30,
                    "START_HOLDING_PERIOD_OWN1": "2024-08-01",
                    "END_HOLDING_PERIOD_OWN1": "2024-08-31",
                    "HOLDING_BALANCE_OWN1": "100",
                    "NET_AMOUNT_OWN1": "4000.00",
                    "PROCEED_AMOUNT_OWN1": "5000.00",
                    "TAX_AMOUNT_OWN1": "1000.00"
                }
            ],
            "CLIENT_ACCOUNT_DATA": [
                {
                    "CLIENT_ACCOUNT": "CLI67890",
                    "CLIENT_ACCOUNT_DESC": "Client Account Description",
                    "CLIENT_RECORD_BALANCE": "1000",
                    "CLIENT_TAX_PCT": "15%",
                    "CLIENT_DEPOSIT_ACCOUNT": "DEP67890",
                    "DEP_INSTRUMENT": "Stock",
                    "DEP_AMT_GROSS": "12000.00",
                    "DEP_FRAC": "0.75",
                    "DEP_AMT_TAX": "1800.00",
                    "NET_PROCEED_AMT_CLIENT": "10200.00",
                    "HOLDING_PERIOD_CLIENT": 30,
                    "START_HOLDING_PERIOD_CLIENT": "2024-08-01",
                    "END_HOLDING_PERIOD_CLIENT": "2024-08-31",
                    "HOLDING_BALANCE_CLIENT": "200",
                    "PROCEED_AMOUNT_CLIENT": "12000.00",
                    "TAX_AMOUNT_CLIENT": "1800.00",
                    "NET_AMOUNT_CLIENT": "10200.00"
                }
            ],
            "CLIENT_RECORD_BALANCE2": "2000",
            "INSTRUMENT": "Bond",
            "FRAC": "0.25",
            "AMT_GROSS": "2000.00",
            "AMT_TAX": "2000.00",
            "AMT_NET": "8000.00",
            "MEMBER": "John Doe"
        },
        {
            "OWN_ACCOUNT_DATA": [
                {
                    "OWN_ACCOUNT": "OWN12345",
                    "OWN_ACCOUNT_DESC": "Own Account Description",
                    "RECORD_BALANCE_OWN": "500",
                    "TAX_PCT": "20%",
                    "ENTITLEMENT_DEP_ACCT_OWN": "DEP12345",
                    "CF_INSTRUMENT_SHORT_OWN": "XYZ",
                    "ENTITLEMENT_AMT_GROSS_OWN": "5000.00",
                    "ENTITLEMENT_AMT_NET_OWN": "4000.00",
                    "ENTITLEMENT_AMT_TAX": "1000.00",
                    "CF_ENTITLEMENT_FRAC": "0.5",
                    "HOLDING_PERIOD_OWN1": 30,
                    "START_HOLDING_PERIOD_OWN1": "2024-08-01",
                    "END_HOLDING_PERIOD_OWN1": "2024-08-31",
                    "HOLDING_BALANCE_OWN1": "100",
                    "NET_AMOUNT_OWN1": "4000.00",
                    "PROCEED_AMOUNT_OWN1": "5000.00",
                    "TAX_AMOUNT_OWN1": "1000.00"
                }
            ],
            "CLIENT_ACCOUNT_DATA": [
                {
                    "CLIENT_ACCOUNT": "CLI67890",
                    "CLIENT_ACCOUNT_DESC": "Client Account Description",
                    "CLIENT_RECORD_BALANCE": "1000",
                    "CLIENT_TAX_PCT": "15%",
                    "CLIENT_DEPOSIT_ACCOUNT": "DEP67890",
                    "DEP_INSTRUMENT": "Stock",
                    "DEP_AMT_GROSS": "12000.00",
                    "DEP_FRAC": "0.75",
                    "DEP_AMT_TAX": "1800.00",
                    "NET_PROCEED_AMT_CLIENT": "10200.00",
                    "HOLDING_PERIOD_CLIENT": 30,
                    "START_HOLDING_PERIOD_CLIENT": "2024-08-01",
                    "END_HOLDING_PERIOD_CLIENT": "2024-08-31",
                    "HOLDING_BALANCE_CLIENT": "200",
                    "PROCEED_AMOUNT_CLIENT": "12000.00",
                    "TAX_AMOUNT_CLIENT": "1800.00",
                    "NET_AMOUNT_CLIENT": "10200.00"
                },
                {
                    "CLIENT_ACCOUNT": "CLI67890",
                    "CLIENT_ACCOUNT_DESC": "Client Account Description",
                    "CLIENT_RECORD_BALANCE": "1000",
                    "CLIENT_TAX_PCT": "15%",
                    "CLIENT_DEPOSIT_ACCOUNT": "DEP67890",
                    "DEP_INSTRUMENT": "Stock",
                    "DEP_AMT_GROSS": "12000.00",
                    "DEP_FRAC": "0.75",
                    "DEP_AMT_TAX": "1800.00",
                    "NET_PROCEED_AMT_CLIENT": "10200.00",
                    "HOLDING_PERIOD_CLIENT": 30,
                    "START_HOLDING_PERIOD_CLIENT": "2024-08-01",
                    "END_HOLDING_PERIOD_CLIENT": "2024-08-31",
                    "HOLDING_BALANCE_CLIENT": "200",
                    "PROCEED_AMOUNT_CLIENT": "12000.00",
                    "TAX_AMOUNT_CLIENT": "1800.00",
                    "NET_AMOUNT_CLIENT": "10200.00"
                },
                {
                    "CLIENT_ACCOUNT": "CLI67890",
                    "CLIENT_ACCOUNT_DESC": "Client Account Description",
                    "CLIENT_RECORD_BALANCE": "1000",
                    "CLIENT_TAX_PCT": "15%",
                    "CLIENT_DEPOSIT_ACCOUNT": "DEP67890",
                    "DEP_INSTRUMENT": "Stock",
                    "DEP_AMT_GROSS": "12000.00",
                    "DEP_FRAC": "0.75",
                    "DEP_AMT_TAX": "1800.00",
                    "NET_PROCEED_AMT_CLIENT": "10200.00",
                    "HOLDING_PERIOD_CLIENT": 30,
                    "START_HOLDING_PERIOD_CLIENT": "2024-08-01",
                    "END_HOLDING_PERIOD_CLIENT": "2024-08-31",
                    "HOLDING_BALANCE_CLIENT": "200",
                    "PROCEED_AMOUNT_CLIENT": "12000.00",
                    "TAX_AMOUNT_CLIENT": "1800.00",
                    "NET_AMOUNT_CLIENT": "10200.00"
                }
            ],
            "CLIENT_RECORD_BALANCE2": "2000",
            "INSTRUMENT": "Bond",
            "FRAC": "0.25",
            "AMT_GROSS": "2000.00",
            "AMT_TAX": "2000.00",
            "AMT_NET": "8000.00",
            "MEMBER": "John Doe"
        }
    ]
}