<?xml version="1.0" encoding="UTF-8"?>
<project version="4">
  <component name="JpaPluginProjectSettings">
    <option name="entityNameTemplate" value="${className.underscore()}" />
    <option name="generateSerialVersionUID" value="true" />
    <option name="isLombokBuilder" value="true" />
    <option name="isLombokAllArgsConstructor" value="true" />
    <option name="isLombokNoArgsConstructor" value="true" />
    <option name="useLazyOnToOneAssociations" value="true" />
  </component>
</project>