[
  {
    "DATE": "13-Dec-2024 09:31 PM",
    "MEMBER": "CC728 Zilladyne Ltd",
    "P_SINCE": "19 March 2015",
    "SUB_DATA": [
      {
        "CA_ANNOUNCEMENT_DATE": "01/8/2024",
        "CA_DEADLINE_DATE": "06/10/2024",
        "CA_EFFECTIVE_DATE": "10/8/2024",
        "CA_EX_DATE": "20/11/2024",
        "CA_INT_END_DATE": "17/2/2024",
        "CA_INT_START_DATE": "08/8/2024",
        "CA_RECORD_DATE": "14/4/2024",
        "CA_START_DATE": "14/11/2024",
        "CA_TAX_IN_OUT": "In",
        "CORPORATE_ACTION": "Mergers & Acquisitions",
        "SECURITY": "Genekom Corp",
        "SECURITY_SHORT": "DEF",
        "TOTAL_RBLNC": 9789,
        "AMT_GROSS": 11739.08,
        "AMT_NET": 3683.86,
        "AMT_TAX": 755.82,
        "FRAC": 0.35,
        "INSTRUMENT": "Mutual Fund",
        "SUM_RBLNC_AMT_OWN": 2261,
        "AMT_GROSS_OWN": 14747.36,
        "AMT_NET_OWN": 6110.93,
        "AMT_TAX_OWN": 2938.68,
        "FRAC_OWN": 0.39,
        "OWN_SEC_SHORT": "OWNDEF",
        "SUM_CLIENT_RECORD_BALANCE": 2387,
        "AMT_GROSS_CLIENT": 18391.46,
        "AMT_NET_CLIENT": 16684.26,
        "AMT_TAX_CLIENT": 2175.66,
        "CLIENT_SEC_SHORT": "CLIXYZ",
        "FRAC_CLIENT": 0.1,
        "OWN_ACCOUNT_DATA": [
          {
            "OWN_ACCOUNT": "OWN65021",
            "OWN_ACCOUNT_DESC": "Own Account officia reprehenderit",
            "RECORD_BALANCE_OWN": 402,
            "TAX_PCT": "23%",
            "ENTITLEMENT_DEP_ACCT_OWN": "DEP58316",
            "CF_INSTRUMENT_SHORT_OWN": "DEF",
            "ENTITLEMENT_AMT_GROSS_OWN": 6889.38,
            "ENTITLEMENT_AMT_NET_OWN": 5845.89,
            "ENTITLEMENT_AMT_TAX": 1061.49,
            "CF_ENTITLEMENT_FRAC": 0.13,
            "HOLDING_PERIOD_OWN1": 54,
            "START_HOLDING_PERIOD_OWN1": "16 Jan 2024",
            "END_HOLDING_PERIOD_OWN1": "06 Jun 2024",
            "HOLDING_BALANCE_OWN1": 209,
            "NET_AMOUNT_OWN1": 1472.03,
            "PROCEED_AMOUNT_OWN1": 1606.63,
            "TAX_AMOUNT_OWN1": 839.06
          },
          {
            "OWN_ACCOUNT": "OWN92849",
            "OWN_ACCOUNT_DESC": "Own Account exercitation laborum",
            "RECORD_BALANCE_OWN": 124,
            "TAX_PCT": "17%",
            "ENTITLEMENT_DEP_ACCT_OWN": "DEP37720",
            "CF_INSTRUMENT_SHORT_OWN": "ABC",
            "ENTITLEMENT_AMT_GROSS_OWN": 7486.49,
            "ENTITLEMENT_AMT_NET_OWN": 5487.29,
            "ENTITLEMENT_AMT_TAX": 121.19,
            "CF_ENTITLEMENT_FRAC": 0.45,
            "HOLDING_PERIOD_OWN1": 26,
            "START_HOLDING_PERIOD_OWN1": "12 Feb 2024",
            "END_HOLDING_PERIOD_OWN1": "04 Sep 2024",
            "HOLDING_BALANCE_OWN1": 361,
            "NET_AMOUNT_OWN1": 1579.07,
            "PROCEED_AMOUNT_OWN1": 2462.27,
            "TAX_AMOUNT_OWN1": 114
          }
        ],
        "CLIENT_ACCOUNT_DATA": [
          {
            "CLIENT_ACCOUNT": "CLI26734",
            "CLIENT_ACCOUNT_DESC": "Client Account labore adipisicing",
            "CLIENT_RECORD_BALANCE": 438,
            "CLIENT_TAX_PCT": "21%",
            "CLIENT_DEPOSIT_ACCOUNT": "DEP45459",
            "DEP_INSTRUMENT": "Bond",
            "DEP_AMT_GROSS": 12850.13,
            "DEP_FRAC": 0.24,
            "DEP_AMT_TAX": 785.99,
            "NET_PROCEED_AMT_CLIENT": 15146.12,
            "HOLDING_PERIOD_CLIENT": 46,
            "START_HOLDING_PERIOD_CLIENT": "10 Jan 2024",
            "END_HOLDING_PERIOD_CLIENT": "07 Jul 2024",
            "HOLDING_BALANCE_CLIENT": 271,
            "PROCEED_AMOUNT_CLIENT": 19215.36,
            "TAX_AMOUNT_CLIENT": 516.81,
            "NET_AMOUNT_CLIENT": 7080.07
          },
          {
            "CLIENT_ACCOUNT": "CLI81665",
            "CLIENT_ACCOUNT_DESC": "Client Account quis voluptate",
            "CLIENT_RECORD_BALANCE": 1041,
            "CLIENT_TAX_PCT": "11%",
            "CLIENT_DEPOSIT_ACCOUNT": "DEP44270",
            "DEP_INSTRUMENT": "Mutual Fund",
            "DEP_AMT_GROSS": 13525.29,
            "DEP_FRAC": 0.61,
            "DEP_AMT_TAX": 2400.69,
            "NET_PROCEED_AMT_CLIENT": 11643.22,
            "HOLDING_PERIOD_CLIENT": 44,
            "START_HOLDING_PERIOD_CLIENT": "03 Dec 2024",
            "END_HOLDING_PERIOD_CLIENT": "21 May 2024",
            "HOLDING_BALANCE_CLIENT": 190,
            "PROCEED_AMOUNT_CLIENT": 13202.79,
            "TAX_AMOUNT_CLIENT": 2078.14,
            "NET_AMOUNT_CLIENT": 5722.5
          }
        ]
      },
      {
        "CA_ANNOUNCEMENT_DATE": "05/7/2024",
        "CA_DEADLINE_DATE": "22/6/2024",
        "CA_EFFECTIVE_DATE": "20/1/2024",
        "CA_EX_DATE": "16/6/2024",
        "CA_INT_END_DATE": "21/4/2024",
        "CA_INT_START_DATE": "27/2/2024",
        "CA_RECORD_DATE": "09/11/2024",
        "CA_START_DATE": "17/2/2024",
        "CA_TAX_IN_OUT": "In",
        "CORPORATE_ACTION": "Dividend Distribution",
        "SECURITY": "Infotrips Corp",
        "SECURITY_SHORT": "XYZ",
        "TOTAL_RBLNC": 7978,
        "AMT_GROSS": 6455.91,
        "AMT_NET": 12966.03,
        "AMT_TAX": 2474.27,
        "FRAC": 0.5,
        "INSTRUMENT": "Stock",
        "SUM_RBLNC_AMT_OWN": 3443,
        "AMT_GROSS_OWN": 2588.81,
        "AMT_NET_OWN": 2393.41,
        "AMT_TAX_OWN": 1160.53,
        "FRAC_OWN": 0.48,
        "OWN_SEC_SHORT": "OWNABC",
        "SUM_CLIENT_RECORD_BALANCE": 4400,
        "AMT_GROSS_CLIENT": 7712.05,
        "AMT_NET_CLIENT": 9372.27,
        "AMT_TAX_CLIENT": 1066.05,
        "CLIENT_SEC_SHORT": "CLIXYZ",
        "FRAC_CLIENT": 0.22,
        "OWN_ACCOUNT_DATA": [
          {
            "OWN_ACCOUNT": "OWN59537",
            "OWN_ACCOUNT_DESC": "Own Account exercitation quis",
            "RECORD_BALANCE_OWN": 180,
            "TAX_PCT": "21%",
            "ENTITLEMENT_DEP_ACCT_OWN": "DEP42623",
            "CF_INSTRUMENT_SHORT_OWN": "ABC",
            "ENTITLEMENT_AMT_GROSS_OWN": 9006.45,
            "ENTITLEMENT_AMT_NET_OWN": 2251.75,
            "ENTITLEMENT_AMT_TAX": 577.28,
            "CF_ENTITLEMENT_FRAC": 0.27,
            "HOLDING_PERIOD_OWN1": 42,
            "START_HOLDING_PERIOD_OWN1": "11 May 2024",
            "END_HOLDING_PERIOD_OWN1": "25 Oct 2024",
            "HOLDING_BALANCE_OWN1": 304,
            "NET_AMOUNT_OWN1": 4106.14,
            "PROCEED_AMOUNT_OWN1": 2096.86,
            "TAX_AMOUNT_OWN1": 210.98
          },
          {
            "OWN_ACCOUNT": "OWN56452",
            "OWN_ACCOUNT_DESC": "Own Account et duis",
            "RECORD_BALANCE_OWN": 252,
            "TAX_PCT": "18%",
            "ENTITLEMENT_DEP_ACCT_OWN": "DEP32974",
            "CF_INSTRUMENT_SHORT_OWN": "DEF",
            "ENTITLEMENT_AMT_GROSS_OWN": 3630.94,
            "ENTITLEMENT_AMT_NET_OWN": 2431.06,
            "ENTITLEMENT_AMT_TAX": 1145.51,
            "CF_ENTITLEMENT_FRAC": 0.47,
            "HOLDING_PERIOD_OWN1": 2,
            "START_HOLDING_PERIOD_OWN1": "15 Sep 2024",
            "END_HOLDING_PERIOD_OWN1": "31 Aug 2024",
            "HOLDING_BALANCE_OWN1": 319,
            "NET_AMOUNT_OWN1": 2406.95,
            "PROCEED_AMOUNT_OWN1": 5722.76,
            "TAX_AMOUNT_OWN1": 546.15
          }
        ],
        "CLIENT_ACCOUNT_DATA": [
          {
            "CLIENT_ACCOUNT": "CLI77329",
            "CLIENT_ACCOUNT_DESC": "Client Account Lorem veniam",
            "CLIENT_RECORD_BALANCE": 462,
            "CLIENT_TAX_PCT": "9%",
            "CLIENT_DEPOSIT_ACCOUNT": "DEP10207",
            "DEP_INSTRUMENT": "Mutual Fund",
            "DEP_AMT_GROSS": 14657,
            "DEP_FRAC": 0.64,
            "DEP_AMT_TAX": 2240.05,
            "NET_PROCEED_AMT_CLIENT": 10856.66,
            "HOLDING_PERIOD_CLIENT": 32,
            "START_HOLDING_PERIOD_CLIENT": "29 Apr 2024",
            "END_HOLDING_PERIOD_CLIENT": "12 Apr 2024",
            "HOLDING_BALANCE_CLIENT": 72,
            "PROCEED_AMOUNT_CLIENT": 15229.32,
            "TAX_AMOUNT_CLIENT": 1134.07,
            "NET_AMOUNT_CLIENT": 5975.1
          },
          {
            "CLIENT_ACCOUNT": "CLI18397",
            "CLIENT_ACCOUNT_DESC": "Client Account cillum velit",
            "CLIENT_RECORD_BALANCE": 1893,
            "CLIENT_TAX_PCT": "19%",
            "CLIENT_DEPOSIT_ACCOUNT": "DEP41481",
            "DEP_INSTRUMENT": "Stock",
            "DEP_AMT_GROSS": 6353.86,
            "DEP_FRAC": 0.69,
            "DEP_AMT_TAX": 2337.21,
            "NET_PROCEED_AMT_CLIENT": 10978.86,
            "HOLDING_PERIOD_CLIENT": 6,
            "START_HOLDING_PERIOD_CLIENT": "12 Dec 2024",
            "END_HOLDING_PERIOD_CLIENT": "22 Jul 2024",
            "HOLDING_BALANCE_CLIENT": 58,
            "PROCEED_AMOUNT_CLIENT": 19418.15,
            "TAX_AMOUNT_CLIENT": 1073.84,
            "NET_AMOUNT_CLIENT": 8796.66
          }
        ]
      }
    ]
  }
]