[{
  "MEMBER": "HSBC1 PT Bank HSBC Indonesia",
  "P_SINCE": "19 March 2015",
  "DATE": "05-SEP-24 02:04 AM",
  "SUB_DATA": [
    {
      "CORPORATE_ACTION": "INTEREST PAYMENT",
      "CA_ANNOUNCEMENT_DATE": "19 July 2024",
      "CA_DEADLINE_DATE": "-",
      "CA_EFFECTIVE_DATE": "20 August 2024",
      "CA_EX_DATE": "-",
      "CA_INT_END_DATE": "20 August 2024",
      "CA_INT_START_DATE": "20 May 2024",
      "CA_RECORD_DATE": "14 August 2024",
      "CA_START_DATE": "-",
      "CA_TAX_IN_OUT": "OUTSIDE THE SYSTEM",
      "SECURITY": "OBLIGASI BERKELANJUTAN V MANDIRI TUNAS FINANCE TAHAP II TAHUN 2021 SERI B",
      "SECURITY_SHORT": "TUFI05BCN2",
      "TOTAL_RBLNC": "30,000,000,000.00",
      "AMT_GROSS": "573,750,000.00",
      "AMT_NET": "516,375,000.00",
      "AMT_TAX": "57,375,000.00",
      "FRAC": "-",
      "INSTRUMENT": "IDR",
      "SUM_RBLNC_AMT_OWN": "-",
      "AMT_GROSS_OWN": "-",
      "AMT_NET_OWN": "-",
      "AMT_TAX_OWN": "-",
      "FRAC_OWN": "-",
      "OWN_SEC_SHORT": "-",
      "SUM_CLIENT_RECORD_BALANCE": "30,000,000,000.00",
      "AMT_GROSS_CLIENT": "573,750,000.00",
      "AMT_NET_CLIENT": "516,375,000.00",
      "AMT_TAX_CLIENT": "57,375,000.00",
      "FRAC_CLIENT": "-",
      "CLIENT_SEC_SHORT": "IDR",
      "OWN_ACCOUNT_DATA": [
        {
          "OWN_ACCOUNT": "-",
          "OWN_ACCOUNT_DESC": "-",
          "RECORD_BALANCE_OWN": "-",
          "TAX_PCT": "-",
          "ENTITLEMENT_DEP_ACCT_OWN": "-",
          "CF_INSTRUMENT_SHORT_OWN": "-",
          "ENTITLEMENT_AMT_GROSS_OWN": "-",
          "ENTITLEMENT_AMT_NET_OWN": "-",
          "ENTITLEMENT_AMT_TAX": "-",
          "CF_ENTITLEMENT_FRAC": "-",
          "HOLDING_PERIOD_OWN1": "-",
          "START_HOLDING_PERIOD_OWN1": "-",
          "END_HOLDING_PERIOD_OWN1": "-",
          "HOLDING_BALANCE_OWN1": "-",
          "NET_AMOUNT_OWN1": "-",
          "PROCEED_AMOUNT_OWN1": "-",
          "TAX_AMOUNT_OWN1": "-"
        }
      ],
      "CLIENT_ACCOUNT_DATA": [
        {
          "CLIENT_ACCOUNT": "HSBC1-080J-001-91",
          "CLIENT_ACCOUNT_DESC": "PT ZURICH ASURANSI INDONESIA, TBK",
          "CLIENT_RECORD_BALANCE": "30,000,000,000.00",
          "CLIENT_TAX_PCT": "10 %",
          "CLIENT_DEPOSIT_ACCOUNT": "HSBC1-0001-001-39",
          "DEP_INSTRUMENT": "IDR",
          "DEP_AMT_GROSS": "573,750,000.00",
          "DEP_FRAC": "-",
          "DEP_AMT_TAX": "57,375,000.00",
          "NET_PROCEED_AMT_CLIENT": "516,375,000.00",
          "HOLDING_PERIOD_CLIENT": "-",
          "START_HOLDING_PERIOD_CLIENT": "-",
          "END_HOLDING_PERIOD_CLIENT": "-",
          "HOLDING_BALANCE_CLIENT": "-",
          "PROCEED_AMOUNT_CLIENT": "-",
          "TAX_AMOUNT_CLIENT": "-",
          "NET_AMOUNT_CLIENT": "-",
          "CLIENT_MEM_ID": "HSBC1",
          "NEW_CLIENT_CA_ID": "KSEI202400037579"
        },
        {
          "CLIENT_ACCOUNT": "HSBC1-080J-001-91",
          "CLIENT_ACCOUNT_DESC": "PT ZURICH ASURANSI INDONESIA, TBK",
          "CLIENT_RECORD_BALANCE": "30,000,000,000.00",
          "CLIENT_TAX_PCT": "10 %",
          "CLIENT_DEPOSIT_ACCOUNT": "HSBC1-0001-001-39",
          "DEP_INSTRUMENT": "IDR",
          "DEP_AMT_GROSS": "573,750,000.00",
          "DEP_FRAC": "-",
          "DEP_AMT_TAX": "57,375,000.00",
          "NET_PROCEED_AMT_CLIENT": "516,375,000.00",
          "HOLDING_PERIOD_CLIENT": "-",
          "START_HOLDING_PERIOD_CLIENT": "-",
          "END_HOLDING_PERIOD_CLIENT": "-",
          "HOLDING_BALANCE_CLIENT": "-",
          "PROCEED_AMOUNT_CLIENT": "-",
          "TAX_AMOUNT_CLIENT": "-",
          "NET_AMOUNT_CLIENT": "-",
          "CLIENT_MEM_ID": "HSBC1",
          "NEW_CLIENT_CA_ID": "KSEI202400037579"
        }
      ]
    },
    {
      "CORPORATE_ACTION": "INTEREST PAYMENT",
      "CA_ANNOUNCEMENT_DATE": "22 July 2024",
      "CA_DEADLINE_DATE": "-",
      "CA_EFFECTIVE_DATE": "23 August 2024",
      "CA_EX_DATE": "-",
      "CA_INT_END_DATE": "23 August 2024",
      "CA_INT_START_DATE": "23 February 2024",
      "CA_RECORD_DATE": "19 August 2024",
      "CA_START_DATE": "-",
      "CA_TAX_IN_OUT": "OUTSIDE THE SYSTEM",
      "SECURITY": "OBLIGASI WAJIB KONVERSI KIMIA FARMA I TAHUN 2023",
      "SECURITY_SHORT": "KAEF01CB",
      "TOTAL_RBLNC": "149,998,500,000.00",
      "AMT_GROSS": "3,739,688,630.14",
      "AMT_NET": "3,365,719,767.13",
      "AMT_TAX": "373,968,863.01",
      "FRAC": "-",
      "INSTRUMENT": "IDR",
      "SUM_RBLNC_AMT_OWN": "-",
      "AMT_GROSS_OWN": "-",
      "AMT_NET_OWN": "-",
      "AMT_TAX_OWN": "-",
      "FRAC_OWN": "-",
      "OWN_SEC_SHORT": "-",
      "SUM_CLIENT_RECORD_BALANCE": "149,998,500,000.00",
      "AMT_GROSS_CLIENT": "3,739,688,630.14",
      "AMT_NET_CLIENT": "3,365,719,767.13",
      "AMT_TAX_CLIENT": "373,968,863.01",
      "FRAC_CLIENT": "-",
      "CLIENT_SEC_SHORT": "IDR",
      "OWN_ACCOUNT_DATA": [
        {
          "OWN_ACCOUNT": "-",
          "OWN_ACCOUNT_DESC": "-",
          "RECORD_BALANCE_OWN": "-",
          "TAX_PCT": "-",
          "ENTITLEMENT_DEP_ACCT_OWN": "-",
          "CF_INSTRUMENT_SHORT_OWN": "-",
          "ENTITLEMENT_AMT_GROSS_OWN": "-",
          "ENTITLEMENT_AMT_NET_OWN": "-",
          "ENTITLEMENT_AMT_TAX": "-",
          "CF_ENTITLEMENT_FRAC": "-",
          "HOLDING_PERIOD_OWN1": "-",
          "START_HOLDING_PERIOD_OWN1": "-",
          "END_HOLDING_PERIOD_OWN1": "-",
          "HOLDING_BALANCE_OWN1": "-",
          "NET_AMOUNT_OWN1": "-",
          "PROCEED_AMOUNT_OWN1": "-",
          "TAX_AMOUNT_OWN1": "-"
        }
      ],
      "CLIENT_ACCOUNT_DATA": [
        {
          "CLIENT_ACCOUNT": "HSBC1-900I-001-44",
          "CLIENT_ACCOUNT_DESC": "JPMCB NA RE - CIZJ LIMITED",
          "CLIENT_RECORD_BALANCE": "149,998,500,000.00",
          "CLIENT_TAX_PCT": "10 %",
          "CLIENT_DEPOSIT_ACCOUNT": "HSBC1-0001-001-39",
          "DEP_INSTRUMENT": "IDR",
          "DEP_AMT_GROSS": "3,739,688,630.14",
          "DEP_FRAC": "-",
          "DEP_AMT_TAX": "373,968,863.01",
          "NET_PROCEED_AMT_CLIENT": "3,365,719,767.13",
          "HOLDING_PERIOD_CLIENT": "-",
          "START_HOLDING_PERIOD_CLIENT": "-",
          "END_HOLDING_PERIOD_CLIENT": "-",
          "HOLDING_BALANCE_CLIENT": "-",
          "PROCEED_AMOUNT_CLIENT": "-",
          "TAX_AMOUNT_CLIENT": "-",
          "NET_AMOUNT_CLIENT": "-",
          "CLIENT_MEM_ID": "HSBC1",
          "NEW_CLIENT_CA_ID": "KSEI202400037636"
        }
      ]
    }
  ]
}]
